Model,Test Accuracy,Test Precision,Test Recall,Test F1,Test ROC-AUC
SVM,0.8405797101449275,0.8375,0.881578947368421,0.8589743589743589,0.9030135823429543
